<?xml version="1.0" encoding="UTF-8" ?>
<!DOCTYPE mapper
        PUBLIC "-//mybatis.org//DTD Mapper 3.0//EN"
        "http://mybatis.org/dtd/mybatis-3-mapper.dtd">
<mapper namespace="com.cq.edu.dao.AccountMapper">

    <insert id="insertAccount"  parameterType="account">
        INSERT INTO `t_account` (`account`, `password`, `role_id`) VALUES (#{account}, #{password}, #{role_id});
    </insert>

    <select id="selectAccount" parameterType="string" resultType="account">
        select * from t_account where account = #{account}
    </select>

    <select id="selectAllUser" resultType="account">
        select * from t_account
    </select>

    <select id="selectAuths" parameterType="string" resultType="authority">
        select r.id, r.role_code
        from t_role r
        join t_account a on a.role_id = r.id
        where a.account = #{account}
    </select>

    <update id="updatePasswd" parameterType="account">
        UPDATE `t_account` SET `password`=#{password} WHERE (`id`=#{id});
    </update>

    <update id="updateUserInfor" parameterType="account">
        UPDATE `t_account` SET `content`=#{content}, `user_name`=#{user_name}, `tel`=#{tel} WHERE (account = #{account});
    </update>


</mapper>