<?xml version="1.0" encoding="UTF-8" ?>
<!DOCTYPE mapper
        PUBLIC "-//mybatis.org//DTD Mapper 3.0//EN"
        "http://mybatis.org/dtd/mybatis-3-mapper.dtd">
<mapper namespace="com.cq.edu.dao.AdminMapper">

    <select id="selectAllChangePage" resultType="account">
        SELECT * FROM t_account LIMIT 10 OFFSET #{pageCount};
    </select>

    <update id="updateUsersInfo" parameterType="account">
        UPDATE `t_account` SET `user_name`=#{user_name}, `tel`=#{tel}, `role_id`=#{role_id}, `password`=#{password}
        WHERE (account = #{account});
    </update>

    <insert id="insertUser" parameterType="account">
        INSERT INTO `t_account` (`account`, `password`, `role_id`, `user_name`, `tel`) VALUES
        (#{account}, #{password}, #{role_id}, #{user_name}, #{tel});
    </insert>

    <delete id="deleteUser">
        delete from `t_account` where (account = #{account})
    </delete>
</mapper>